Type,Name,Request Count,Failure Count,Median Response Time,Average Response Time,Min Response Time,Max Response Time,Average Content Size,Requests/s,Failures/s,50%,66%,75%,80%,90%,95%,98%,99%,99.9%,99.99%,100%
GET,/api/portfolio,67,0,2017.1398000093177,2041.894673130044,2017.1398000093177,2064.8269000230357,159.0,2.2944789911516876,0.0,2000,2000,2000,2100,2100,2100,2100,2100,2100,2100,2100
,Aggregated,67,0,2017.1398000093177,2041.894673130044,2017.1398000093177,2064.8269000230357,159.0,2.2944789911516876,0.0,2000,2000,2000,2100,2100,2100,2100,2100,2100,2100,2100
